INSERT INTO contents (content_id, type, title, year, genre, created_at, updated_at)
VALUES (1, 'movie', 'Inception', 2010, 'Sci-Fi', NOW(), NOW()),
       (2, 'movie', 'The Avengers', 2012, 'Action', NOW(), NOW()),
       (3, 'movie', 'Parasite', 2019, 'Drama', NOW(), NOW()),
       (4, 'movie', 'Spider-Man: No Way Home', 2021, 'Action', NOW(), NOW()),
       (5, 'movie', 'Dune', 2021, 'Sci-Fi', NOW(), NOW()),
       (6, 'movie', 'The Matrix Resurrections', 2021, 'Sci-Fi', NOW(), NOW()),
       (7, 'movie', 'Everything Everywhere All at Once', 2022, 'Sci-Fi', NOW(), NOW()),
       (8, 'movie', 'Top Gun: Maverick', 2022, 'Action', NOW(), NOW()),
       (9, 'movie', 'No Time to Die', 2021, 'Action', NOW(), NOW()),
       (10, 'movie', 'Joker', 2019, 'Drama', NOW(), NOW()),
       (11, 'movie', 'Interstellar', 2014, 'Sci-Fi', NOW(), NOW()),
       (12, 'movie', 'Avengers: Endgame', 2019, 'Action', NOW(), NOW()),
       (13, 'movie', 'Parasite (Remake)', 2023, 'Drama', NOW(), NOW()),
       (14, 'movie', 'Spider-Man: Across the Spider-Verse', 2023, 'Action', NOW(), NOW()),
       (15, 'movie', 'Dune: Part Two', 2023, 'Sci-Fi', NOW(), NOW()),
       (16, 'movie', 'The Matrix: New Dawn', 2023, 'Sci-Fi', NOW(), NOW()),
       (17, 'movie', 'Multiverse of Madness', 2023, 'Sci-Fi', NOW(), NOW()),
       (18, 'movie', 'Fast & Furious 10', 2023, 'Action', NOW(), NOW()),
       (19, 'movie', 'Mission: Impossible 8', 2023, 'Action', NOW(), NOW()),
       (20, 'movie', 'The Batman', 2022, 'Action', NOW(), NOW()),
       (21, 'movie', 'Tenet', 2020, 'Sci-Fi', NOW(), NOW()),
       (22, 'movie', 'Black Panther', 2018, 'Action', NOW(), NOW()),
       (23, 'movie', 'The Godfather', 1972, 'Crime', NOW(), NOW()),
       (24, 'movie', 'The Shawshank Redemption', 1994, 'Drama', NOW(), NOW()),
       (25, 'movie', 'Avatar', 2009, 'Sci-Fi', NOW(), NOW()),
       (26, 'movie', 'Fight Club', 1999, 'Drama', NOW(), NOW()),
       (27, 'movie', 'The Dark Knight', 2008, 'Action', NOW(), NOW()),
       (28, 'movie', 'Pulp Fiction', 1994, 'Crime', NOW(), NOW()),
       (29, 'movie', 'Forrest Gump', 1994, 'Drama', NOW(), NOW()),
       (30, 'movie', 'Inception (Remake)', 2023, 'Sci-Fi', NOW(), NOW()),
       (31, 'movie', 'Juno', 2007, 'Comedy', NOW(), NOW()),
       (32, 'movie', 'The Prestige', 2006, 'Drama', NOW(), NOW()),
       (33, 'movie', 'Mad Max: Fury Road', 2015, 'Action', NOW(), NOW()),
       (34, 'movie', 'The Grand Budapest Hotel', 2014, 'Comedy', NOW(), NOW()),
       (35, 'movie', 'Arrival', 2016, 'Sci-Fi', NOW(), NOW()),
       (36, 'movie', 'Deadpool', 2016, 'Action', NOW(), NOW()),
       (37, 'movie', 'Guardians of the Galaxy', 2014, 'Action', NOW(), NOW()),
       (38, 'movie', 'The Lord of the Rings: The Return of the King', 2003, 'Fantasy', NOW(), NOW()),
       (39, 'movie', 'The Matrix', 1999, 'Sci-Fi', NOW(), NOW()),
       (40, 'movie', 'Shutter Island', 2010, 'Thriller', NOW(), NOW()),
       (41, 'movie', 'The Social Network', 2010, 'Drama', NOW(), NOW()),
       (42, 'movie', 'Interstellar (Sequel)', 2024, 'Sci-Fi', NOW(), NOW()),
       (43, 'movie', 'Jurassic World Dominion', 2022, 'Action', NOW(), NOW()),
       (44, 'movie', 'The French Dispatch', 2021, 'Comedy', NOW(), NOW()),
       (45, 'movie', 'Blade Runner 2049', 2017, 'Sci-Fi', NOW(), NOW()),
       (46, 'movie', 'The Wolf of Wall Street', 2013, 'Crime', NOW(), NOW()),
       (47, 'movie', 'Baby Driver', 2017, 'Action', NOW(), NOW()),
       (48, 'movie', 'Moonlight', 2016, 'Drama', NOW(), NOW()),
       (49, 'movie', 'The Shape of Water', 2017, 'Fantasy', NOW(), NOW()),
       (50, 'movie', 'Get Out', 2017, 'Horror', NOW(), NOW()),
       (51, 'movie', 'Knives Out', 2019, 'Mystery', NOW(), NOW()),
       (52, 'movie', 'Once Upon a Time in Hollywood', 2019, 'Drama', NOW(), NOW()),
       (53, 'movie', 'The Lighthouse', 2019, 'Drama', NOW(), NOW()),
       (54, 'movie', 'Parasite (Animated)', 2023, 'Animation', NOW(), NOW()),
       (55, 'movie', 'Spider-Man: Across Dimensions', 2024, 'Action', NOW(), NOW()),
       (56, 'movie', 'Dune: Chronicles', 2024, 'Sci-Fi', NOW(), NOW()),
       (57, 'movie', 'The Matrix: Rebooted', 2024, 'Sci-Fi', NOW(), NOW()),
       (58, 'movie', 'Everything Everywhere 2', 2024, 'Sci-Fi', NOW(), NOW()),
       (59, 'movie', 'Top Gun: Next Generation', 2024, 'Action', NOW(), NOW()),
       (60, 'movie', 'No Time to Die: Legacy', 2024, 'Action', NOW(), NOW()),
       (61, 'movie', 'Joker: Origins', 2024, 'Drama', NOW(), NOW()),
       (62, 'movie', 'Interstellar: Beyond', 2024, 'Sci-Fi', NOW(), NOW()),
       (63, 'movie', 'Avengers: Endgame Revisited', 2024, 'Action', NOW(), NOW()),
       (64, 'movie', 'Parasite: The Series', 2024, 'Drama', NOW(), NOW()),
       (65, 'movie', 'Spider-Man: Beyond the Web', 2024, 'Action', NOW(), NOW()),
       (66, 'movie', 'Dune: The Lost Scrolls', 2024, 'Sci-Fi', NOW(), NOW()),
       (67, 'movie', 'The Matrix: New Beginnings', 2024, 'Sci-Fi', NOW(), NOW()),
       (68, 'movie', 'Multiverse Chronicles', 2024, 'Sci-Fi', NOW(), NOW()),
       (69, 'movie', 'Fast & Furious: Hyperdrive', 2024, 'Action', NOW(), NOW()),
       (70, 'movie', 'Mission: Impossible: Shadow', 2024, 'Action', NOW(), NOW()),
       (71, 'movie', 'The Batman: Shadows of Gotham', 2024, 'Action', NOW(), NOW()),
       (72, 'movie', 'Tenet: Echoes', 2024, 'Sci-Fi', NOW(), NOW()),
       (73, 'movie', 'Black Panther: Wakanda Forever', 2024, 'Action', NOW(), NOW()),
       (74, 'movie', 'The Godfather: Legacy', 2024, 'Crime', NOW(), NOW()),
       (75, 'movie', 'The Shawshank Redemption: Revisited', 2024, 'Drama', NOW(), NOW()),
       (76, 'movie', 'Avatar: New World', 2024, 'Sci-Fi', NOW(), NOW()),
       (77, 'movie', 'Fight Club: Redux', 2024, 'Drama', NOW(), NOW()),
       (78, 'movie', 'The Dark Knight: Rises Again', 2024, 'Action', NOW(), NOW()),
       (79, 'movie', 'Pulp Fiction: Retold', 2024, 'Crime', NOW(), NOW()),
       (80, 'movie', 'Forrest Gump: Another Journey', 2024, 'Drama', NOW(), NOW()),
       (81, 'movie', 'Juno: Next Chapter', 2024, 'Comedy', NOW(), NOW()),
       (82, 'movie', 'The Prestige: Secrets Unveiled', 2024, 'Drama', NOW(), NOW()),
       (83, 'movie', 'Mad Max: Fury Reckoning', 2024, 'Action', NOW(), NOW()),
       (84, 'movie', 'The Grand Budapest Hotel: Sequel', 2024, 'Comedy', NOW(), NOW()),
       (85, 'movie', 'Arrival: Beyond', 2024, 'Sci-Fi', NOW(), NOW()),
       (86, 'movie', 'Deadpool: Reloaded', 2024, 'Action', NOW(), NOW()),
       (87, 'movie', 'Guardians of the Galaxy: Galactic Reckoning', 2024, 'Action', NOW(), NOW()),
       (88, 'movie', 'The Lord of the Rings: The Final Chapter', 2024, 'Fantasy', NOW(), NOW()),
       (89, 'movie', 'The Matrix: Awakening', 2024, 'Sci-Fi', NOW(), NOW()),
       (90, 'movie', 'Shutter Island: Shadows', 2024, 'Thriller', NOW(), NOW()),
       (91, 'movie', 'The Social Network: Revisited', 2024, 'Drama', NOW(), NOW()),
       (92, 'movie', 'Interstellar: New Horizons', 2024, 'Sci-Fi', NOW(), NOW()),
       (93, 'movie', 'Jurassic World: Dominion II', 2024, 'Action', NOW(), NOW()),
       (94, 'movie', 'The French Dispatch: Chronicles', 2024, 'Comedy', NOW(), NOW()),
       (95, 'movie', 'Blade Runner: Future', 2024, 'Sci-Fi', NOW(), NOW()),
       (96, 'movie', 'The Wolf of Wall Street: Redux', 2024, 'Crime', NOW(), NOW()),
       (97, 'movie', 'Baby Driver: Reload', 2024, 'Action', NOW(), NOW()),
       (98, 'movie', 'Moonlight: Echoes', 2024, 'Drama', NOW(), NOW()),
       (99, 'movie', 'The Shape of Water: Sequel', 2024, 'Fantasy', NOW(), NOW()),
       (100, 'movie', 'Get Out: Legacy', 2024, 'Horror', NOW(), NOW());

INSERT INTO users (user_id, name, created_at, updated_at)
VALUES (1, 'user_1', NOW(), NOW()),
       (2, 'user_2', NOW(), NOW()),
       (3, 'user_3', NOW(), NOW()),
       (4, 'user_4', NOW(), NOW()),
       (5, 'user_5', NOW(), NOW()),
       (6, 'user_6', NOW(), NOW()),
       (7, 'user_7', NOW(), NOW()),
       (8, 'user_8', NOW(), NOW()),
       (9, 'user_9', NOW(), NOW()),
       (10, 'user_10', NOW(), NOW());

INSERT INTO rcmd_user_content (user_id, content_id)
VALUES (1, 1),
       (1, 11),
       (1, 21),
       (1, 31),
       (1, 41),
       (1, 51),
       (1, 61),
       (1, 71),
       (1, 81),
       (1, 91),
       (2, 2),
       (2, 12),
       (2, 22),
       (2, 32),
       (2, 42),
       (2, 52),
       (2, 62),
       (2, 72),
       (2, 82),
       (2, 92),
       (3, 3),
       (3, 13),
       (3, 23),
       (3, 33),
       (3, 43),
       (3, 53),
       (3, 63),
       (3, 73),
       (3, 83),
       (3, 93),
       (4, 4),
       (4, 14),
       (4, 24),
       (4, 34),
       (4, 44),
       (4, 54),
       (4, 64),
       (4, 74),
       (4, 84),
       (4, 94),
       (5, 5),
       (5, 15),
       (5, 25),
       (5, 35),
       (5, 45),
       (5, 55),
       (5, 65),
       (5, 75),
       (5, 85),
       (5, 95),
       (6, 6),
       (6, 16),
       (6, 26),
       (6, 36),
       (6, 46),
       (6, 56),
       (6, 66),
       (6, 76),
       (6, 86),
       (6, 96),
       (7, 7),
       (7, 17),
       (7, 27),
       (7, 37),
       (7, 47),
       (7, 57),
       (7, 67),
       (7, 77),
       (7, 87),
       (7, 97),
       (8, 8),
       (8, 18),
       (8, 28),
       (8, 38),
       (8, 48),
       (8, 58),
       (8, 68),
       (8, 78),
       (8, 88),
       (8, 98),
       (9, 9),
       (9, 19),
       (9, 29),
       (9, 39),
       (9, 49),
       (9, 59),
       (9, 69),
       (9, 79),
       (9, 89),
       (9, 99),
       (10, 10),
       (10, 20),
       (10, 30),
       (10, 40),
       (10, 50),
       (10, 60),
       (10, 70),
       (10, 80),
       (10, 90),
       (10, 100);